Rob G : Rob_G
Major Knucklehead : Major_Knucklehead
Joan : Joan
Tyler : Tyler
Kitty : Kitty
Byron : Byron
Dan-o : Dan_o
Gail : Gail
Wormburners : Wormburners
Rob S : Rob_S
Dirk : Dirk
Firedog : Firedog
Mark W : Mark_W
Paul R : Paul_R
Rumpy : Rumpy
Silas : Silas
Chip-a-roo : Chip_a_roo
Nus : Nus
Dan M : Dan_M
Dom : Dom
Crack Corn : Crack_Corn
Joe P : Joe_P
Steve S : Steve_S
Jamie : Jamie
Wayne : Wayne
Adam : Adam
M. Lewis : M._Lewis
John K : John_K
Susan : Susan
Gunfighter : Gunfighter
Ed W : Ed_W
Nick W : Nick_W
Three G Gregg : Three_G_Gregg
Bob L : Bob_L
Matt R : Matt_R
John B : John_B
ZCA Team 1 : ZCA_Team_1
ZCA Team 2 : ZCA_Team_2
Bozz : Bozz
The Pope of DB : The_Pope_of_DB
Derek : Derek
Marc W : Marc_W
Brian C : Brian_C
Lou : Lou
Bill B : Bill_B
Lesley - Jeff : Lesley___Jeff
Sunday/Gall : Sunday_Gall
Mike B : Mike_B
Farris : Farris
Lance : Lance
MACS : MACS
Marc S : Marc_S
Melvin : Melvin
Paul K : Paul_K
Steve H : Steve_H
Steve M : Steve_M
George K : George_K
Philly Speacial : Philly_Speacial
Cool Man Dentist : Cool_Man_Dentist
Three E Greene : Three_E_Greene
T-Ball : T_Ball
Team Fever 1021 : Team_Fever_1021
Jeff C : Jeff_C
Roger : Roger
Gina : Gina
Doug B : Doug_B
Ron : Ron
Boz : Boz
Chris B : Chris_B
Thomas L : Thomas_L
Eric H : Eric_H
Sandbaggers : Sandbaggers
Eric V : Eric_V
AJ : AJ
Gay Pilot : Gay_Pilot
